,Lower,Upper
A,10.155825441722687,25.782816433782553
B,10.065817573843791,26.065063590262913
C,10.043859541334143,25.78241370037962
D,10.126827810799055,25.865896522264805
E,9.794915771170682,26.912683258740397
